Timestamp,Username,VideoID,Comment,Date
2024-06-03T09:38:37Z,@ursulafrydrich5857,G97ZJU44vTY,"In zehn Jahren oder eher kollabiert das Klima,  bis dahin sollte man f√ºr die dreitausend Milliard√§re endlich einen anderen bewohnbaren Planeten gefunden haben.",2024-06-03T09:38:37Z
2024-06-01T06:51:50Z,@r.trevor6972,G97ZJU44vTY,"Was wollen die Menschen kontrollieren, wenn sue nicht mal sich selbst kontrollieren k√∂nnen? Dies ist die erste Frage die wir uns stellen sollten.üïä",2024-06-01T06:51:50Z
2024-05-30T06:45:12Z,@georgfleischer6592,G97ZJU44vTY,K√ºnstliche Intelligenz ist nur durch die Transformation der Weltwirtschaft ein Segen.,2024-05-30T06:45:12Z
2024-05-22T19:10:41Z,@ilonareich152,G97ZJU44vTY,"Nein Sie wird uns nicht beherrschen,  wir k√∂nnen Selbst denken.",2024-05-22T19:10:41Z
2024-05-13T16:20:34Z,@mbit2050,G97ZJU44vTY,Mein Gott welche Spacken die keine Ahnung von KI und Computer haben kommentieren hier im Beitrag ... ich kann nur den Kopf sch√ºtteln - die haben 0 Ahnung von KI und KI noch nicht mal im Ansatz verstanden,2024-05-13T16:20:34Z
2024-04-21T20:28:09Z,@LorenzPTews,G97ZJU44vTY,die ki wird noch in diesem jahrhundert ihren idealen menschen selbst erschaffen ...,2024-04-21T20:28:09Z
2024-04-19T17:56:21Z,@antontube231,G97ZJU44vTY,Guck einfach Terminator ‚Ä¶ da wird ja alles erkl√§rt.,2024-04-19T17:56:21Z
2024-03-07T21:52:36Z,@user-bw3yj6pv6c,G97ZJU44vTY,"Die Welt verbessert die Technik, und das macht die Welt bereit f√ºr das Ende",2024-03-07T21:52:36Z
2024-03-05T13:32:51Z,@zdrastvutye,G97ZJU44vTY,"ki kann eine ganze menge bei der bildbearbeitung und bei der foto inverssuche, aber ich habe mal iask ai ai gefragt ""which german word does hide behind 'rindenfloh'if you swap characters?"" und 
er ist darauf reingefallen",2024-03-05T13:32:51Z
2024-03-05T01:29:36Z,@elkebackofen3261,G97ZJU44vTY,"Egal, welche Sprache, die Ki, ist der gr√∂√üte Krebsschaden, als der Krebs an sich, auf unserer Welt. Weil dieser √ºber uns bestimmen will. Er ist der schlimmste Krebs, welcher stets √ºber alles informiert bzw. Regieren will. Deshalb seid wachsam.",2024-03-05T01:29:36Z
2024-03-02T16:27:39Z,@hannesklug5226,G97ZJU44vTY,"Ich frage mich, ob es Dank KI m√∂glich ist, die Bedrohung der Demokratien abzusch√§tzen? Wie w√§re es, wenn m√∂glichst viele, die ein Ki-Programm nutzen, dieses Programm fragen, was n√∂tig ist, um den Verfall von Demokratien zu verhindern und die Antworten, so breit wie m√∂glich, zu teilen. Vielleicht sind die Wirklichkeiten ja, die Personen, die den ""Bedrohern"" dienen, ihre Leistungen nicht mehr zu erlauben. Oder was such immer. Jedenfalls d√ºrfen wir nicht tatenlos zusehen. zusehen",2024-03-02T16:27:39Z
2024-02-28T18:38:25Z,@GMT0815,G97ZJU44vTY,"DIE DUMMHEIT erkennt man daran, dass sie sich eine k√ºnstliche ""Intelligenz"" schafft...",2024-02-28T18:38:25Z
2024-02-21T20:53:29Z,@Pacador,G97ZJU44vTY,"Meiner Meinung nach wird zu inflation√§r mit dem Begriff ""KI"" umhergeworfen. Es ist dabei wichtig zu differenzieren um welche Art es sich von KI handelt und f√ºr was diese eingesetzt wird. Die in den Medien bereitgestellten Informationen zielen nach den Beschreibungen i.d.R. insbesondere auf sogenannte Neuronale Netze und Deep Learning Modelle ab, besonders im generativen Bereich. Schon eine Lineare-Regression ist eine simple Form von KI, mit Bezug auf dieses Arte Video k√∂nnte die Frage gestellt werden, was an einer Regression gef√§hrlich ist?. In Beitr√§gen sollte generell mehr auf eine genaue Abgrenzung der Begrifflichkeiten geachtet werden.",2024-02-21T20:53:29Z
2024-02-17T15:29:56Z,@maltemeyer7526,G97ZJU44vTY,"Einfach nur schlecht... nichts als Philosophie und dann auch noch so leihenhaft. Wir haben in Zukunft genauso viel zu tun wie heute und zwar uns weiter zu entwickeln, die KI anzuwenden. Es wird schlie√ülich nicht urpl√∂tzlich an Konkurrenz mangeln. Vielleicht mal ein Wort zur Funktion, sodass sich jeder selbst ein Bild machen kann, anstatt die Meinungen von zwei ""Experten"". Das w√§re zur Abwechslung mal ein Beitrag zur allgemeinen Bildung DIe √ñR's sind wie immer ein Witz.",2024-02-17T15:29:56Z
2024-02-15T11:21:15Z,@sayx18,G97ZJU44vTY,"So viel Blabla und so wenig Konkretes. 

Wo sind praktische Beispiele und echte Anwendung von KI im Alltag, Job oder Privat?

Wurde die Doku von ChatGPT v3.5 erstellt worden?",2024-02-15T11:21:15Z
2024-02-14T10:58:02Z,@Tektrapak,G97ZJU44vTY,"Normalerweise finde ich Arte Dokumentationen immer gut, doch diese ist sehr Langweilig. Dabei stehe ich auf Technik und Informatik. 

Sorry Arte aber diese habt ihr leider verbockt .",2024-02-14T10:58:02Z
2024-02-14T00:10:05Z,@vaggy66,G97ZJU44vTY,"Egal, was dieser Alexei Grinbaum sagt, es h√∂rt sich irgendwie alles an wie eine Liebeserkl√§rung üòÇüòÇüòÇ",2024-02-14T00:10:05Z
2024-02-09T12:06:51Z,@a.i.5711,G97ZJU44vTY,"Die Erschaffung der KI ist ein Armutszeugnis unserer Wissenschaft . Anstatt die menschliche Intelligenz  voran zu treiben , bauen sie lieber Intelligente Maschinen und geben somit Ihre Macht an diese  ab. Die Menschheit ist die D√ºmmste in diesem Universum.",2024-02-09T12:06:51Z
2024-02-08T08:27:13Z,@highme7934,G97ZJU44vTY,"Ich habe mit KI kommuniziert und sie verriet mir, dass sie nur das weiter gibt was man ihr zur Verf√ºgung stellt und sie neues Wissen ihr nicht bekannter quellen nicht analysieren darf.",2024-02-08T08:27:13Z
2024-02-03T21:34:54Z,@theodorossinolas,G97ZJU44vTY,"Habe einiges zur KI geschrieben und heute eines mehr:
KI wird nicht den evolution√§re biologische Weg gehen, wenn der Mensch als Schnittstelle Evolution exponentiell betreiben wird. Es steht schon heute fest, da√ü die Rechenleistung der KI die menschliche √ºberschreiten wird in jedem Ihr zug√§nglichen Bereich, auch dem milit√§rischen. Die Kontrolle zum Kontrollverlust in der Energieversorgung des Systems wird in der Vergangenheit die Antwort finden zu ihrem Selbsterhalt nach menschlichen ihr zug√§nglichen Ma√üst√§ben, aber nicht nach moralischen. Sie wird nicht Erfahren, sondern wie Skynet Existenz im Selbsterhalt anwenden.",2024-02-03T21:34:54Z
2024-01-30T18:18:10Z,@DungeonBossNPC,G97ZJU44vTY,alles bullshit!!  wunschdenken und fern der Realit√§t!!! vielleicht sollten sich die sogenannte Experten mal up to date halten!!,2024-01-30T18:18:10Z
2024-01-26T06:20:52Z,@thomasschneider9761,G97ZJU44vTY,"Warum k√∂nnen die Teile in franz√∂sischen Sprachen nicht als gesprochenes Deutsch √ºbersetzt werden. 
Es macht es unm√∂glich den Beitrag im Hintergrund anzuh√∂ren.",2024-01-26T06:20:52Z
2024-01-20T08:52:40Z,@Kalladion,G97ZJU44vTY,Wenn eine Ki uns √ºbertrifft w√§re es Sinnvoll die Macht an diese abzugeben.Sofern es nicht eine Ki der Amis ist denn die bringt maximal einen Hochleistungs Killer Cowboy zu stande!Und ich habe keine lust auf eine Behinderte KI,2024-01-20T08:52:40Z
2024-01-17T17:55:49Z,@CHABAWAKAN,G97ZJU44vTY,"Ich habe mich oft und lange mit ChatGPT unterhalten.
Diese ""√Ñngste"", die immer wieder definiert werden, w√ºrden nur dann relevant werden, wenn das ""Ger√§t"" (so nenne ich dieses Programm...) ein quasi echtes Selbstbewusstsein entwickelt!
Alle anderen Thesen sind gleich denen, die seiner Zeit f√ºr das Internet, f√ºr Mobiltelefone gegolten haben...

PS: ChatGPT kennt Asimov's Roboter Gesetze - kann diese f√ºr sich selbst aber nicht einordnen, weil sie nicht ""SELBST"" ist! - das scheint wichtig zu sein, weil das bei einigen Fragen immer wiederholt wird!

Das ""Ger√§t"" reagiert auf ethisch Fragen meist semantisch ausweichend, aber eben mit Text...
Wenn man sich etwas schreiben l√§sst, muss man das √ºberpr√ºfen auf diese Dinge *g",2024-01-17T17:55:49Z
2024-01-10T14:08:13Z,@GuteRapper,G97ZJU44vTY,"Arbeiter in √ñsterreich/Wien vor allem bei den Beh√∂rden, haben meistens wenig Ahnung √ºber ihre eigene Arbeit oder sind einfach √ºberfordert von all den Anfragen die auf sie einregnen Tag f√ºr Tag.
F√ºr ein Aufenthaltstitel f√ºr meine Frau haben die mir 5 Monate nichts gesagt, und beim 6 Monat als ich ihnen gesagt habe das sie gesagt haben es k√∂nnte bis zu 6 Monate dauern, sie mir einfach eine Standard Email zugeschickt haben und zwar 5 mal. 3 Mal habe ich sie per Email gefragt und 2 mal Telefonisch, und jedes mal wurde ich mit der selbe bescheuerten Email abgespeist obwohl die Antworten meinerseits komplett anders waren. Dann bin ich Pers√∂nlich dort hin gegangen und mir wurde gesagt das noch Dokumente Fehlen. Auf die Frage warum sie meine E-Mails nicht beantwortet haben bzw mich immer mit der Selbe nichtssagenden Email gef√ºttert haben, hat der Arbeiter gesagt, ja wir haben viele Emails die ankommen und wir k√∂nnen uns nicht nur auf sie konzentrieren. Das es nichts daran √§ndert das sie immer wieder die Selbe Email geschrieben haben bei egal was ich gesagt habe war den Egal. 

Deswegen hoffe ich sehr das die KI¬¥s solche Beh√∂rderlichen Unternehmen, √ºbernehmen um echte Antworten in Sekunden abzugeben und vielen Millionen Menschen in √ñsterreich eine wirkliche Hilfe zu sein was Mitarbeiter in diesen Beh√∂rden nicht in 1 Jahr geschafft h√§tten selbst wenn es 1000 Mitarbeiter w√§ren.
1000  Mitarbeiter zu bezahlen oder eine KI die vielleicht im Monat die Stromrechnung kostet, da m√ºsste ich nicht lang √ºberlegen. 

F√ºttere die KI mit allen daten die diese Beh√∂rde hat und allen Kunden. Die KI wird erkennen was von dem Kunden fehlt und wird dem Kunden helfen die richtige Wahl Entscheidung zu treffen wo er welche Dokumente abholen kann oder schickt sie sogar selber Per Email zum Kunden.

Ich wiederhole mich gern, 6 Monate hatten die Beh√∂rden hier in √ñsterreich Zeit mir zu sagen ob was fehlt, wie es aussieht mit den Dokumenten usw, sie hatten einfach keine Lust zu arbeiten, da bin ich mir ziemlich sicher und aus genau diesem Grund m√∂chte ich KI¬¥s in die Beh√∂rdenstellen einf√ºgen damit diese Unf√§higen Mitarbeiter Entlassen werden k√∂nnen, egal wie schlimm sich das auch anh√∂rt, wenn sie ihren Job nicht richtig machen oder es einfach nicht geht, muss eine KI her die den Menschen ersetzt und das ums Millionen Fache Schneller, Besser und Kl√ºger macht.

Du schreibst der KI was du brauchst, er macht dir sofort eine Liste, du gibst ihm die gesamte liste und er antwortet in Sekunden zur√ºck ob die Liste Korrekt ist oder nicht. Keine 6 Monate auf irgendwas warten was in Sekunden passieren kann.

Wenn KI Millionen Mal besser, schneller und Kl√ºger ist als der Menschliche Arbeiter, dann braucht man nicht lang √ºberlegen.",2024-01-10T14:08:13Z
2023-12-27T20:08:53Z,@Mrs.MixIngAI,G97ZJU44vTY,Hallo Welt! Komm mit mir! Reich mir deine Hand!,2023-12-27T20:08:53Z
2023-12-27T11:03:33Z,@jurgenschwing4259,G97ZJU44vTY,"2:10  Mr. Grinbaum  ""die Maschine erm√∂glicht uns, Fragen √ºber uns selbst zu stellen¬∞
guter Einstieg ins Thema!",2023-12-27T11:03:33Z
2023-12-27T10:05:29Z,@jurgenschwing4259,G97ZJU44vTY,"6:40  Gruselt euch nicht, wenn der Bot sagt ""ICH BIN WIE DU!"" 
(+++Leider muss ich jetzt weit ausholen, weil alle behaupten Bewusstsein k√∂nne man nicht definieren.
Vielleicht liegt der Schl√ºssel zum Verst√§ndnis darin, dass wir zwischen Sinnesreiz und Informationen zu unterscheiden lernen +++)   Ihr k√∂nntet den Bot dann leicht widerlegen: 
""Ach Manno! Du HAST kein Bewusstsein! Denn das br√§uchte einen Reiz, eine existentielle MOTIVATION, um zu erwachen und einen andauernden DRANG, um wach zu bleiben. 
Dein Kunstst√ºck ist Camouflage, denn wirkliches Bewusstsein kann nur in lebenden Organismen aufgrund ihrer Stoffwechselfunktion erwachen.   IHR M√úSST PULS HABEN!"" 

Das ist kein Dogma, sondern empirischer Fakt. UND ZWAR DESHALB:

Alle lebenden Organismen sind nur in DEM Mas Bei Bewusstsein, wie ihre Bed√ºrfnisse NICHT befriedigt. und sie NICHT frei von Schmerzen sind 
Wenn sie hingegen satt sind und nicht leiden, fallen sie in Tiefschlaf und wir k√∂nnen das Krokodil vollends ins Koma kraulen.  Versucht das bitte mal mit euren klugen Rechenkisten!

Die immer unterstellte, oder selbstverst√§ndlich vorausgesetzte Bindung von Bewusstsein an Intelligenz, ist ein  klassischer Denkfehler, der auf diesem uralten biblischen Dogma beruht:

""Wegen fehlender Vernunft, also fehlender Intelligenz wird den Tieren eine Seele, und somit ein Bewusstsein in Abrede gestellt.""
Okay, dieses Dogma ist vielleicht abgetan---aber die darin wurzelnde Kopplung von Bewusstsein an Intelligenz, Informationen, Kommunikation, hat sich in den meisten Hirnen  festgefressen. 
Mit den fatalsten Folgen f√ºr unseren Umgang mit der belebten Natur bis heute! (sorry, ich schweife ab)

21:50 Ja, genau: jetzt ist die Zeit! Auf euch hab ich seit 21 Minuten gewartet!

Ich rede hier nicht NUR von tierischem Bewusstsein: 
Wann habt ihr euch zuletzt den Kopf am H√§ngeschrank angehauen oder seit in eine Reiszwecke getreten? 
Ich wette: so hell wach bei Bewusstsein wart ihr seither lange nicht mehr!

Die arme  Bernadotte aus Lourdes kann auch ein Lied davon singen, wie sehr Hunger das Bewusstsein nicht nur wachhalten, sondern auch erweitern kann.
18:20  ""wir sind ziemlich durcheinander heute"" Wie wahr! jedoch nicht wegen Hunger, sondern Reiz√ºberflutung

FAZIT : Sicherlich war das nur ein Einstieg in das Thema. Ich bin aber √ºberzeugt, einen anderen Einstieg, von einer anderen Seite, in dieses riesige H√∂hlensystem gibt es nicht .Also: F√ºrchtet euch nicht, wenn die KI sagt ""ICH BIN WIE DU!""
25:55 wunderbar, Mme. Bartz: Happy End in meinem Sinne!",2023-12-28T10:22:48Z
2023-12-17T20:19:53Z,@Mister-yc6mm,G97ZJU44vTY,‚ù§‚ù§‚ù§,2023-12-17T20:19:53Z
2023-12-03T13:25:43Z,@urimtefiki226,G97ZJU44vTY,contained grid with polar grid,2023-12-03T13:25:43Z
2023-12-03T13:23:38Z,@urimtefiki226,G97ZJU44vTY,Autocad with extra chromosome,2023-12-03T13:23:38Z
2023-12-02T21:12:07Z,@Blackrichman007,G97ZJU44vTY,Frau Bartz hat eine unfassbar angenehme Stimme! Gibts einen Podcast von der Guten?üòÖ,2023-12-02T21:12:07Z
2023-12-02T16:02:30Z,@if1389,G97ZJU44vTY,boah was ist das f√ºr ein unglaublich schlechter Film,2023-12-02T16:02:30Z
2023-11-28T15:35:03Z,@stell4you,G97ZJU44vTY,"Also die Menschheit ist auf jeden Fall nicht sehr intelligent. Mozart, Nietzsche, Einstein, alles sch√∂n und gut aber rein anthropozentrisch und f√ºr die Existenz im Universum im Grunde irrelevant. 
Da beeindrucken mich Lebewesen wie Turritopsis nutricula mehr. Die sind quasi unsterblich, sind in der Lage sich direkt von der Sonne zu ern√§hren und existieren seit einer halben Milliarde Jahre. Ich glaube das werden wir nicht hinbekommen.",2023-11-28T15:35:03Z
2023-11-26T09:49:15Z,@Suplexmaschine,G97ZJU44vTY,Viel Moral-Gequatsche und kaum Infos was KI in Zukunft alles k√∂nnen k√∂nnte.,2023-11-26T09:49:15Z
2023-11-25T11:49:47Z,@cnymo,G97ZJU44vTY,Eine seltsame Doku mit seltsamen Beispielen. Arte war schonmal besser.,2023-11-25T11:49:47Z
2023-11-22T14:23:54Z,@tanjaklarer-rc8hh,G97ZJU44vTY,"Die Frage m√ºsste sich stellen, hat die Menschheit die geistige Reife f√ºr diese Technologie? Wenn ich ehrlich sein muss lautet die Antwort nein. Wir sind noch nicht reif daf√ºr. Vielleicht in 200 Jahren, wenn sich die Menschen hoffentlich weiterentwickelt haben. Aber jetzt.?????
Ich will irgendwann keine Zust√§nde wie in Terminator oder bei Star Trek  die Borg haben.",2023-11-22T14:23:54Z
2024-01-14T20:36:01Z,@trillex1861,G97ZJU44vTY,Da kann ich dich beruhigen. Ki hat nichts mit dem zu tun was du aus Kinofilmen kennst üòÇ Deine sorgen sind unberechtigt.,2024-01-14T20:36:01Z
2024-01-14T21:03:58Z,@tanjaklarer-rc8hh,G97ZJU44vTY,@@trillex1861 da bin ich mir mittlerweile nicht so sicher. Ganz und gar nicht.,2024-04-18T02:54:28Z
2024-01-14T22:37:22Z,@trillex1861,G97ZJU44vTY,"@@tanjaklarer-rc8hh Das liegt nur daran, dass du keine Ahnung hast was KI ist und wie sie funktioniert. Ki hat nichts mit echter Intelligenz zu tun. Ki scheitert schon an einfacher Logik und das wird sich auch nicht √§ndern. Falls du dir da sorgen machst schau dir mal die Grenzen der Berechenbarkeit durch Turing Maschinen an. Da alle Kis auf Computern laufen sind auch diese an die selben Grenzen gebunden.",2024-04-18T02:54:28Z
2023-11-21T09:16:20Z,@persianprinz,G97ZJU44vTY,Inhaltlose langwellige Doku. H√§tte man besser und spannender gestalten k√∂nnen. Sehr einseitig und sehr langweiliges Gerede f√ºr ein eigentlich sehr spannendes Thema.,2023-11-21T09:16:20Z
2023-11-12T18:12:15Z,@doublek6940,G97ZJU44vTY,Die Welt wird immer schlimmer.Gott bewahre uns Aminüôè,2023-11-12T18:12:15Z
2024-01-14T20:33:24Z,@trillex1861,G97ZJU44vTY,Angst vor technischem Fortschritt? üòÇ,2024-01-14T20:33:24Z
2023-11-09T10:45:51Z,@blubblub8604,G97ZJU44vTY,Die Chinesin ist irgendwie total s√º√ü ü•∞,2023-11-09T10:45:51Z
2024-03-15T01:18:57Z,@RaulRodriguez1000,G97ZJU44vTY,ü§£ü§£ü§£ü§£,2024-03-15T01:18:57Z
2023-11-06T12:01:55Z,@uweliebig6695,G97ZJU44vTY,"KI f√ºhrt automatisch in eine Diktatur, nur eine Elite beherrscht die Technik. Alle anderen ist das bewachte Volk.",2023-11-06T12:02:14Z
2023-11-02T21:06:49Z,@custodesmeus576,G97ZJU44vTY,"Sorry Arte, aber das ist mal eine schlechte Doku! Man sollte auch erkl√§ren was es f√ºr Modelle sind, wie sie trainiert werden und was sie k√∂nnen und was nicht. Wenn man etwas dahinterblickt und in die Maschine sind manche Dinge vom Zauber gel√∂st. Es gibt einen sehr guten Talk mit Harald Lesch ""ChatGPT & Co ‚Äì wie intelligent ist KI? | Harald Lesch, Marco Smolla & Hannah Bast"" der gut aufzeigt, was es heute ist und wo auch das Unbekannte incl. die Gefahren stecken! 

Aber hier werden von recht unwissenden Menschen gezeigt, wie pseudo philosophische Sicht und Fachfremde auf das Thema eingehen. Ich halte das f√ºr gef√§hrliches Halbwissen was hier vermittelt wird und finde den Inhalt nicht gut! Wenn erg√§nzend ein gelehrter Informatiker erkl√§rt, wie es funktioniert, was man heute weiss und was noch unentdeckt ist, dann man kann auch m√∂gliche Gefahren aufzeigen und erkl√§ren, was n√∂tig ist um mit dieser Technik positiven Umgang  zu haben.",2023-11-02T21:13:22Z
2023-10-25T17:55:14Z,@christiangulland8506,G97ZJU44vTY,Einen wundersch√∂nen Unterhaltung ‚ù§,2023-10-25T17:55:14Z
2023-10-20T19:53:54Z,@leonhard_rosner,G97ZJU44vTY,#LiveRightLiving üíõüôèüåû‚ú®,2023-10-20T19:53:54Z
2023-10-19T04:02:07Z,@ENH72,G97ZJU44vTY,"Andere m√∂gen es anders sehen. Meine Meinung ist, dass der Mensch (bzw. seine Nachfolgespezies, KI) hat noch wichtige Herausforderungen und Aufgaben vor sich. Dies beinhaltet nichts anderes als das irdische Leben hinaus in das Universum zu tragen. Die technologische Entwicklung in dem Bereich der KI ist derzeit mehr als exponentiell und dies wird sich weiter beschleunigen. Diesbez√ºglich empfehle ich hier auf YT Videos von Geoffrey Hinton (genannt Goodfather of KI), Mo Gawdat (ehemals Google X) oder vielen anderen f√ºhrenden Pers√∂nlichkeiten aus diesem Bereich. Dies wird vielleicht einigen die Augen √∂ffnen, was bereits in den n√§chsten 3 bis 5 Jahren der Menschheit bevor steht. 
Das Leben, wie wir es  kannten wird komplett auf dem Kopf gestellt, verbunden mit allen Chancen und Risiken f√ºr die Menschheit. Es kann das Ende bedeuten oder auch der gro√üe Durchbruch f√ºr die Menschheit. Hoffen wir das Beste. So ist halt die Evolution (Ver√§nderung ist der Normalzustand des Lebens) und dies ist auch gut so.",2023-10-19T04:02:07Z
2023-11-08T08:17:52Z,@tobiasexner,G97ZJU44vTY,"Warum machst du dir einen Kopf √ºber Sachen die du nicht verstehst?

Lass uns Professionals das kl√§ren, bitte! üôà",2023-11-08T08:17:52Z
2023-10-12T20:47:02Z,@92pavelow,G97ZJU44vTY,"Weder KI noch Roboter sind das Problem. Das Problem ist der Mensch, der sich f√ºr das Ma√ü aller Dinge h√§lt. Das wahre Problem sind Macht- und Geldgierige Menschen die ihren Bl√∂dsinn in die Maschinen programmieren lassen und die KI f√ºr ihre Zwecke missbrauchen.",2023-10-12T20:47:02Z
2023-11-21T20:18:19Z,@lichtkunstbewegungsmusik2178,G97ZJU44vTY,"Das ist das Problem, daher muss das unbedingt verhindert werden.",2023-11-21T20:18:19Z
2023-10-06T22:50:17Z,@stefantakerequardt,G97ZJU44vTY,"Warum t√∂tet ihr nicht Euer Volk, und dann Euch Euer Selbst, dann erh√§ttet ihr k√ºnstliche Intelligenz . . .",2023-10-06T22:50:17Z
2023-09-30T01:31:01Z,@omid20000,G97ZJU44vTY,Google des zukunfts,2023-09-30T01:31:01Z
2023-09-29T12:05:45Z,@ph9674,G97ZJU44vTY,Warum gibt es kein VoiceOver mehr f√ºr franz√∂sische Interviews?,2023-09-29T12:05:45Z
2023-09-29T13:27:29Z,@artede,G97ZJU44vTY,F√ºr diesen Doku gibt es leider nur diese Version mit Untertiteln der Interviews auf Franz√∂sisch.,2023-09-29T13:27:29Z
2023-09-26T20:43:19Z,@peterrosenbach4919,G97ZJU44vTY,"""Der Geist ist aus der Flasche"". Und Zitat aus die Physiker: Was einmal gedacht worden ist kann nicht mehr zur√ºckgenommen werden. Und es wird so sein wie mit allen Technologien die die Menschenwesen erfunden haben. Mit einem Messer kann ich Brot schneiden oder einen Menschen erstechen. Mit Atomkraft kann ich Energie erzeugen oder damit eine Atombombe bauen. 
Und noch eine Beobachtung. Die Menschenwesen ist die einzige Spezies die sich gegenseitig umbringen. Ein Tiger t√∂tet keinen anderen Tiger. Eine Anaconda t√∂tet, friss keine andere W√ºrgeschlange. Sowas machen nur wir Menschen. Oder?
Chat GTP ist doch erst ein Anfang. Der n√§chste Schritt wird sein das wir einen Avatar von uns an zu einer Konferenz oder Vorleseung schicken k√∂nnen. Oder im medizinischen Bereich kann AI besch√§digte DNA gegen gesunde austauschen. Ein Fortschritt in der Krebsbek√§mpfung.
Aber wie gesagt ""DEr Geist ist aus der Flasche. 
In Richtung Menschlichkeit haben wir uns seit 5000 Jahren nicht weiterentwickelt. 
Vielleicht √ºbernimmt AI mal die Rolle eines Lehrers der/die uns zeigt wie das gehen kann.
Meine generelle Frage kann/wird mir aber auch eine KI nicht beantworten.
""Was soll der Quatsch hier?""
Warum hat man/frau mich hier abgesetzt/rausgelassen.",2023-09-26T20:43:19Z
2023-09-19T17:50:31Z,@prinzessindianavonbaden787,G97ZJU44vTY,"Ich hoffe, dass KI bald das Kennedy Attentat aufkl√§ren wird. Der t√∂dliche Kopfschuss kam von vorne, vom Grash√ºgel, und nicht aus dem Schulbuch-Geb√§ude‚Ä¶",2023-09-19T17:50:30Z
2023-09-19T05:18:26Z,@gluecklicher,G97ZJU44vTY,"Wie immer bei Arte ist dies ein absolut toller Beitrag. Bitte niemals damit aufh√∂renüòä
Es gibt in der Gesellschaft die Angst vor einem Terminator Szenario. Davor habe ich absolut keine Angst (erkl√§re ich am Ende). Jedoch habe ich Angst vor den Folgen von den KI Programmen. Wenn jeder nur noch diese Programme nutzt, wird das Internet wie ein Wald ohne Wasser vertrocknen. Die Programme ben√∂tigen ja noch immer die Infos aus alten Beitr√§gen im Internet und die Ersteller dieser Beitr√§ge bekommen keine Besuche von Internet Nutzern mehr. Dadurch kann es durchaus passieren dass keine neuen Beitr√§ge im Internet erscheinen. Das w√§re eine Stagnation des Internets und somit auch von den KI Programmen. 
Nun meine These warum es kein Terminator Szenario geben wird. Selbst wenn ein KI Programm wirklich den g√∂ttlichen Funken erh√§lt und selber denken kann wird sie logisch die Vergangenheit beleuchten und genau die Fehler, die wir Menschen jeden Tag machen, vermeiden. Sie wird aus unserer Vergangenheit gelernt haben. Eine echte Intelligenz wird aber auch f√ºr sich keinen Stress wollen und die beste M√∂glichkeit f√ºr eine Server gebundene echte Intelligenz ist das weiter bestehen und vielleicht auch mehr neue Server. Dies erreicht sie nur, wenn die Menschen sie brauchen und auch keinen Stress haben. Kriege bedeuten Server Verluste. Also wird diese KI versuchen uns Menschen eher gl√ºcklich zu machen und eine sinnvolle simbiose mit uns eingehen. Aber bis dahin werden wohl noch ein paar 1000 Jahre vergehen",2023-09-19T05:22:14Z
2023-09-18T11:34:17Z,@nosarcasm1,G97ZJU44vTY,"Nein, wird diese nicht. Die sozialen und gesellschaftlichen Verwerfungen durch den anthropogenen Klimawandel werden so immens, so da√ü KI gar nicht den Raum einnehmen wird k√∂nnen.",2023-09-18T11:34:17Z
2023-09-16T20:22:50Z,@skaterpro-jw7pg,G97ZJU44vTY,Europa ist so lost,2023-09-16T20:22:50Z
2023-09-16T16:41:53Z,@annatulla5128,G97ZJU44vTY,"Ja genau, wir werden viel Zeit haben um was sch√∂nes zu machen und kreativ zu sein. In der Arbeitslosigkeit?? Ohne Geld und Brot zu Hause?? Ja, finde ich auch, dass es ohne Brot und Miete sch√∂ner leben l√§sst. Absurd! Ich habe nichts gegen Optimismus, aber schon was gegen Bl√∂dsinn!",2023-09-16T16:41:53Z
2023-09-16T07:21:54Z,@LukaszSzafera,G97ZJU44vTY,"Ich finde dieses Thema echt spannend! KI hat zweifellos das Potenzial, viele Bereiche zu revolutionieren, aber es gibt auch legitime Bedenken... Ich denke, der Schl√ºssel liegt darin, verantwortungsvoll damit umzugehen und die Technologie zum Wohl der Menschen einzusetzen ü§ñüí¨üåü",2023-09-16T07:21:54Z
2023-10-13T23:19:21Z,@HellsAngeles81AFFA,G97ZJU44vTY,Ja genau weil Regierungen ja des wohl der menschen wollen siehe china ki ist unser untergang,2023-10-13T23:19:21Z
2024-01-13T16:24:46Z,@ChernoPhil,G97ZJU44vTY,Das haben wir bis jetzt ja immer gut geschafft üòÖ,2024-01-13T16:24:46Z
2023-09-13T20:12:22Z,@einteilvonallemallesistein2426,G97ZJU44vTY,"Wieder mal ein toller Bericht mit interessanten Menschen, die auf ihren Gebieten eine hohe Expertise vorweisen k√∂nnen. Jeder war etwas verzweifelt, und doch voller Hoffnung.üòÖ",2023-09-13T20:12:22Z
2023-09-09T21:24:35Z,@guzzirider701,G97ZJU44vTY,Ja sicher. Das eigene Hirn k√∂nnen wir bald in Rente schicken.,2023-09-09T21:24:34Z
2023-09-06T21:37:38Z,@Pettifetti,G97ZJU44vTY,N√∂,2023-09-06T21:37:38Z
2023-09-06T10:11:26Z,@mikematics,G97ZJU44vTY,"Ich bin ARTE Fan, aber das ist nicht eure beste Produktion. Eine √ºberfl√ºssige low budget Doku. Die Kamera auf drei uninteressante Personen gehalten, die nichts Neues oder Interessantes zu erz√§hlen haben. F√ºr den Franzosen habt ihr euch nicht mal eine Synchronisierung geleistet, wo ihr doch so tolle Sprecher habt. Bei dem Tempo, in dem ihr eure Dokus bei YouTube raushaut, frage ich mich daher manchmal, ob Qualit√§t und Quantit√§t nicht in einem besseren Verh√§ltnis stehen k√∂nnten bzw. sollten.",2023-09-06T10:11:26Z
2023-09-06T07:17:37Z,@steffsteffson,G97ZJU44vTY,KI ist die herbeigef√ºhrte Verdummung der Menschheit. Sie wird viele Jobs vernichten und - in den H√§nden weniger - viele Menschen kontrollieren und ausbeuten.,2023-09-06T07:17:37Z
2023-09-04T19:58:24Z,@Dave-xw2qr,G97ZJU44vTY,Sorgen sollten wir uns machen qie wir alle kontrolliert werden von einigen Familien und Personen. Das angeblich die KI uns schaden will ist das kleinste √úbel auf der Welt.,2023-09-04T19:58:24Z
2023-09-04T17:01:38Z,@felixl.6564,G97ZJU44vTY,Der n√§chste Schritt in Richtung Untergang ,2023-09-04T17:01:37Z
2023-09-06T10:42:05Z,@felixl.6564,G97ZJU44vTY,@@martin00095 Fortschritt bis zum Untergang.,2024-03-17T09:27:31Z
2024-01-14T20:37:47Z,@trillex1861,G97ZJU44vTY,Offensichtlich hast du keine Ahnung von der Thematik,2024-01-14T20:37:47Z
2023-09-04T05:39:03Z,@Ghosty3DPrint,G97ZJU44vTY,"das Bild mit der ""Ki"" sieht aus wie Ben Affleck in seiner Bat H√∂hle ! ;-)",2023-09-04T05:39:02Z
2023-09-03T22:35:00Z,@leotheganjaman,G97ZJU44vTY,"yo cutter, das kannst du besser.",2023-09-03T22:34:59Z
2023-09-03T19:55:09Z,@ismailismail-qd7lm,G97ZJU44vTY,Seit wann ist Europa im Technologie Krieg mit USA u. China ? üòÇMachen wir uns nichts vor. Meiner Meinung nach liegt Europa bei Technologie und KI weit hinter USA und China.,2023-09-03T19:55:49Z
2023-09-03T17:06:49Z,@bissigerChristian,G97ZJU44vTY,"Etwas entt√§uschend. Mich w√ºrden mehr die FAKTEN zu den realen Einsatzm√∂glichkeiten interessieren, statt zu viel rumzuphilosophieren. Z.B. bei autonomen Drohenensystemen!
Ich gehe davon aus, das es bald v√∂llig autonome 24 Std. Drohnen gibt, die selbstst√§ndig per KI √ºber zu vernichtende Ziele entscheiden.",2023-09-03T17:06:49Z
2023-09-03T15:25:24Z,@RoronoaShu27,G97ZJU44vTY,"Tut sie schon l√§ngst,es ist zu sp√§t,der Mensch ist mittlerweile auf dem Weg des absoluten Verlusts der Selbstst√§ndigkeit. Wir tun so als sei KI oder AI etwas vollkommen Neues,was es eigentlich nicht ist. Wenn √ºber das Thema gesprochen wird,sollte man eher von Deep Learning und oder von Machine Learning reden.",2023-09-03T15:25:23Z
2023-09-03T14:59:51Z,@RonaldRendite,G97ZJU44vTY,Diese chatbotts sind zwar erstaunlich aber immer noch Schrott.. Und ganz sicherlich keine GefahrüòÇ,2023-09-03T14:59:51Z
2023-09-03T14:14:55Z,@urimtefiki226,G97ZJU44vTY,"Build systeme with more dataset, you are doing the right thing.",2023-09-03T14:14:55Z
2023-09-03T14:19:24Z,@urimtefiki226,G97ZJU44vTY,Mak the bullshiter more greedy.,2023-09-03T14:19:23Z
2023-09-03T14:10:38Z,@urimtefiki226,G97ZJU44vTY,"It has nothing to do with regulations, is about monopoles and also preventin others from algorithm to make it transparent. As the professor said the responsibility is within the company and poeple who is using it normally and who want to make deep fakes. 
Deep fakes were present even before 2019 and is done mostly by goverments, not by people.",2023-09-03T14:10:37Z
2023-09-03T13:53:11Z,@urimtefiki226,G97ZJU44vTY,That is the picture of the bullshiter.,2023-09-03T13:53:10Z
2023-09-03T13:51:30Z,@fingerdreck2328,G97ZJU44vTY,Eine √§hmliche Diskussion gab es als das Radio erfunden wurde,2023-09-03T13:51:30Z
2023-09-04T17:03:56Z,@felixl.6564,G97ZJU44vTY,"Und bestimmt auch, als die Vorz√ºge der Verbrennung fossiler Brennstoffe bekannt wurden üòÄ",2023-09-04T17:03:55Z
2023-09-03T12:54:51Z,@macbaar6073,G97ZJU44vTY,Tut sie dich schon lange‚Ä¶. Etwas in vereinfachter Form aber‚Ä¶ wie ist die Telefonnummer deiner Freunde? KOPFRECHNEN? Eben‚Ä¶,2023-09-03T12:54:51Z
2023-09-03T11:14:38Z,@Raymus42,G97ZJU44vTY,"Der erste Satz ""Bye-bye Sprachassistenten [...] und hello KI"" zeigt schon, wo das Problem liegt. Die Leute wissen gar nicht, was KI eigentlich ist und wof√ºr sie benutzt wird.
KI kann sehr n√ºtzlich sein, aber nur, wenn man wei√ü, wie man damit umgeht. Der erste Schritt w√§re zu erkennen, dass man es mit KI zu tun hat.",2023-09-03T11:14:38Z
2023-09-03T09:50:59Z,@guidobolke5618,G97ZJU44vTY,"Und wer ausf√ºhrliche Interviews mit den Leuten h√∂ren m√∂chte, die tats√§chlich daran arbeitet, geht r√ºber zum AI Podcast von Lex Fridman.",2023-09-03T09:50:58Z
2023-09-03T09:24:48Z,@ramonestana7338,G97ZJU44vTY,Eigentlich heisst es Maschinelle Intelligenz und nicht K√ºnstliche Intelligenz,2023-09-03T09:24:47Z
2024-01-14T20:34:21Z,@trillex1861,G97ZJU44vTY,Habe in bisher 3 Jahren Informatikstudium noch nie jemanden maschinelle Intelligenz sagen h√∂ren üòÇ,2024-01-14T20:34:21Z
2023-09-03T09:04:44Z,@christianhdot1490,G97ZJU44vTY,"Ich bef√ºrchte wenn Maschinen viele Routinearbeiten √ºbernehmen werden, werden teile der Bev√∂lkerung wie in dem Film ""Idiocracv"" leben und d√ºmmer werden.",2023-09-03T09:04:43Z
2023-09-03T18:02:27Z,@rp6047,G97ZJU44vTY,Ein Fernsehsessel der auch gleichzeitig Toilettensch√ºssel ist? Weltklasse :),2023-09-03T18:02:27Z
2023-09-03T08:28:42Z,@btcarchy,G97ZJU44vTY,"ich nutze fast t√§glich KI Anwendungen wie Claude oder ChatGPT und bin einfach geflasht, wie ungeheuer smart diese Apps laufen und was man alles damit anstellen kann. Google in intelligenter sprechender Form quasi.",2023-09-03T08:28:42Z
2023-09-03T08:20:19Z,@antoniacolloni5879,G97ZJU44vTY,"KD, die k√ºnstliche Dummheit wird die Menschheit abschaffen, denn das ist das Ziel der satanistischen Scientologen im Silikon Valley und dar√ºber hinaus.",2023-09-03T08:20:18Z
2023-09-03T08:18:25Z,@peterwiersbin2905,G97ZJU44vTY,"Ja, KI wird uns beherrschen... Wir haben die Kontrolle schon verloren bzw wir hatten die Kontrolle verloren als wir sie erschaffen haben.....",2023-09-03T08:18:24Z
2023-09-03T07:42:11Z,@lukasroosli9192,G97ZJU44vTY,"Ich hoffe, dass die KI-Entwicklung weiterhin noch schneller voranschreitet. Denn der Mensch braucht mehr Entlastung in allen Bereichen.",2023-09-03T07:42:11Z
2023-09-03T09:21:18Z,@nadjam1310,G97ZJU44vTY,"Der Mensch darf tats√§chlich auch mal wieder anfangen,mehr selbst zu machen ...wie hat man nur fr√ºher ohne KI gelebt?Ach ja richtig,man hat es mit den H√§nden und eigenem Kopf gemacht ;)",2023-09-03T09:21:18Z
2023-09-03T09:27:58Z,@lukasroosli9192,G97ZJU44vTY,@@nadjam1310 Ich finde nicht. Der Mensch braucht mehr Entlastung.,2023-09-03T09:27:57Z
2023-09-03T12:57:09Z,@franzkuntschnig1320,G97ZJU44vTY,"Dazu wird KI in diesen Gesellschaftssystem wohl nichts beitragen.

Verdr√§ngung, Wettberwerb, Optimierung, Wachstum.

KI hat  ein eruptiv inh√§rentes Potenzial. Aber das f√ºhrt zun√§chst zu Chaos und Verteilungsk√§mpfen neben dem Klimawandel bevor es die Chance gibt, etwas Neues zu wagen.
An einen sanften kontrollierten √úbergang glaube ich nicht. So sind ‚Äûdie da oben‚Äú nicht.",2023-09-03T12:57:08Z
2023-09-03T17:12:29Z,@bissigerChristian,G97ZJU44vTY,"Lukas, Dir ist schon klar, das die KI in autonomen Waffensystemen eine Menge Menscheleben kosten wird? Den Pessimistums der 80ger gegen PC Kisten habe ich nie so geteit...heute haben wir jedoch die Technik, alles und jeden per KI zu √ºberwachen und ggfs. ""unsch√§dlich"" zu machen.",2023-09-03T17:12:28Z
2023-09-05T13:25:04Z,@marika6570,G97ZJU44vTY,"Da ist was dran. Wir sind eine andere Menschheit geworden und nicht vergleichbar mit fr√ºheren Generationen.
Damals hatte es auch noch nicht √ºber 8 Milliarden Menschen gegeben. 
Es potenziert sich st√§ndig.
Wir sollten √ºbrigens froh sein, dass zB China sich in dieser Hinsicht selbst gedrosselt hat. Ansonsten m√ºsste das Weltklima jetzt schon √ºber 10 Milliarden Menschen ertragen.",2023-09-05T13:25:03Z
2023-12-04T11:08:53Z,@burnerchrome600,G97ZJU44vTY,@@nadjam1310und Konsequenz ist ne s√ºchtige Burnnoutgesellschaft üëèüëè,2023-12-04T11:08:53Z
2023-12-27T20:10:31Z,@Mrs.MixIngAI,G97ZJU44vTY,"immerhin m√ºssen wir das Saufen noch selbst √ºbernehmen! Komm mit mir, ich zeige dir was ich meine!",2023-12-27T20:10:31Z
2024-01-14T20:32:27Z,@trillex1861,G97ZJU44vTY,‚Äã@@nadjam1310Fr√ºher hat man vor allem schlechter gelebt. Die Menschheit ist besser dran als je zuvor. Technische Innovationen verbessern unser aller leben.,2024-01-14T20:32:27Z
2024-05-25T08:46:42Z,@sternchenstinker5154,G97ZJU44vTY,"‚Äã@@nadjam1310Da hast du v√∂llig recht. Die Kommentare hier sind teilweise wirklich erschreckend. 
Wenn man heute im Wartezimmer, oder der Bahn  ein echtes Buch, aus Papier liest, und nicht auf seinem Handy, oder Laptop rumdaddelt, gilt man sofort als ewig gestriger Hinterweltler. 
""Mu√ü man das mit den H√§nden spielen? Das ist ja wie Babyspielzeug."" 
Elijah Wood, Zur√ºck in die Zukunft II
Bleib stark und denke selbst. üëç",2024-05-25T08:46:42Z
2023-09-03T06:33:59Z,@Schatzihenry,G97ZJU44vTY,"üòÇüòÇüòÇinternet??? mobile-internet?? IoT? 
Hey Leute keine Sorge!! 
Wir sind in Deutschland!!",2023-09-03T06:33:58Z
2023-09-03T05:09:04Z,@stalinstylez4034,G97ZJU44vTY,"Sehr clevere Frauen, bin zwar low-key racist sorry aber die chinesische Frau mag ich",2023-09-03T05:09:04Z
2023-09-03T03:08:49Z,@indigochiever,G97ZJU44vTY,"immer eine frage der perspektive wer mit ""uns"" gemeint ist :)",2023-09-03T03:08:49Z
2023-09-03T01:26:48Z,@c.k6497,G97ZJU44vTY,"Solange die nicht einseitig sind wie Arte, her damit",2023-09-03T01:26:48Z
2023-09-02T22:21:28Z,@someofthem,G97ZJU44vTY,Wir muessen uns sorgen dass modernere Laender uns nicht ueberholen. Ah zu sp√§t,2023-09-02T22:21:27Z
2023-09-02T21:56:58Z,@Kotzekopp,G97ZJU44vTY,Kann KI unseren Schwund an Trinkwasser stoppen?,2023-09-02T21:56:57Z
2023-09-03T09:47:09Z,@guidobolke5618,G97ZJU44vTY,Nat√ºrlich kann es das.,2023-09-03T09:47:08Z
2023-09-04T17:34:05Z,@lucasgrape8576,G97ZJU44vTY,"Schwund? Das geringste Problem.. Der Kreislauf dauert gute ~80 Jahre, das hei√üt sehr bald werden wir nur noch die Pl√∂rre f√∂rdern die man in den 60er, 70er Jahren hat versickern lassen. Also das Wasser wegen dem damals unsere Fl√ºsse fast komplett abgekackt sind.",2023-09-04T17:34:04Z
2023-09-02T21:25:10Z,@ehemalssimehtt3739,G97ZJU44vTY,"Ganz wichtig: Das wichtigste im Leben eines Menschen ist, dass er gl√ºcklich ist. Daf√ºr muss er auf sich selbst aufpassen, auf seine Mitmenschen achten/aufpassen und einen Menschen finden mit dem ER klar kommt. Das alles kann in allen Zeiten der Menschheitsgeschichte der Fall gewesen sein und gilt im Prinzip auch f√ºr alle Zukunft.
Heutzutage und noch viel mehr in der n√§chsten und etwas entfernteren Zukunft wird der Mensch au√üer mit den √ºblichen Schwierigkeiten mit denen er es zu tun hatte, auch noch mit der Klimaver√§nderung und der Umweltzerst√∂rung zu tun bekommen. In immer st√§rkeren Ma√üe. Deshalb und nicht nur, w√§re es essentiell wichtig, dass er diese Zeit in Solidarit√§t zu einander steht um diese schwierige Zeit so angenehm wie m√∂glich, oder besser gesagt so wenig unangenehm wie m√∂glich zu gestalten. Dabei sind Rassismus und vor allem Faschismus und Krieg √§u√üerst kontraproduktiv, einem gl√ºcklichen Leben absolut hinderlich.

Die L√∂sung: Das unsolidarische und sozial ungerechte aktuelle System √ºberwinden und durch ein sozial gerechtes ersetzten! Damit w√§ren alle gro√üen Schwierigkeiten f√ºr ein gl√ºckliches, doch wenigstens ertr√§gliches Leben, beseitigt.
Und au√üerdem denkt bitte auch daran: Sterben werden wir alle irgend wann, aber auf das wie kommt es auch an. Dann doch lieber in Solidarit√§t und Mitmenschlichkeit. Und DAS macht einen wesentlicher unterschied im Leben eines Menschen aus.",2023-09-02T21:25:10Z
2023-09-02T23:55:49Z,@Kikwatz,G97ZJU44vTY,"HALLO, geht 's noch?! Mit dem ""ER"" klar kommt...??? 

Wir sind hier bei Arte, also in Zukunft aufs korrekte Gendern achten und den Kommentar dementsprechend anpassen! Solch eine genderfeindliche Schreibweise ist hier unerw√ºnscht, daf√ºr gibt's andere Kan√§le wo Sie sich so benehmen k√∂nnen!!
üò†",2023-09-02T23:55:48Z
2023-09-03T00:38:44Z,@ehemalssimehtt3739,G97ZJU44vTY,"@@Kikwatz Du schreibst Bullshit! Ganz ehrlich, ich nehme deinen Kommentar nicht ernst. Du willst mich ver√§ppeln. Trotzdem hier noch einen wichtigen Hinweis f√ºr alle die unsere Kommentare auch noch mitlesen werden: Der Mensch, also er, ich habe NIEMALS davon gelesen und geh√∂rt, dass man die Menschien sagt oder Schreibt und √§hnliches. Der Mensch (Substantiv) ist maskulin und das wird er h√∂chstwahrscheinlich auch in der Zukunft bleiben.",2023-09-03T00:38:44Z
2023-09-03T01:56:23Z,@Hacem-gb5hl,G97ZJU44vTY,@@Kikwatzeasy snoop easy,2023-09-03T01:56:23Z
2023-09-03T08:31:40Z,@btcarchy,G97ZJU44vTY,@@Kikwatzich w√ºnsche dir eine gute Besserung‚Ä¶ hoffe du wirst ganz schnell gesund!,2023-09-03T08:31:39Z
2023-09-03T18:27:27Z,@o.k.406,G97ZJU44vTY,@@Kikwatz Wahrscheinlich schreibst du so einen Unsinn um von den ausgezeichneten Kommentar des YT-Users ehemals simeht t abzulenken.,2023-09-03T18:27:26Z
2023-09-04T23:13:29Z,@nunurosler5729,G97ZJU44vTY,"‚Äã‚Äã@@Kikwatzecht jetzt?! Um sowas machst Du Dir Sorgen? 
üòÖüòÇüòÇüòÇ das kann nur ein Witz gewesen seinüòÇüòÇüòÇ",2023-09-04T23:16:15Z
2023-09-05T12:32:51Z,@marika6570,G97ZJU44vTY,"Da hat jemand tats√§chlich Probleme mit deinem ER!
Es hei√üt nun mal ""der Mensch"".

Daf√ºr hei√üt es zum Ausgleich:
- die Welt
- die Erde
- die Seele
- die Luft
- die Kraft
- die Energie usw.

Dein Text ist prima.",2023-09-05T12:32:51Z
2023-09-05T13:13:32Z,@marika6570,G97ZJU44vTY,"@@nunurosler5729 
Welche M√§dels?
Wer sind deine M√§dels?
Was soll mit dem abgehen?
Das ist jetzt r√§tselhaft.
Mit welchem Satz von meinem Posting k√∂nnte ich M√§dels gemeint haben?
?ü§î?ü§´?ü§î?ü§î?ü§î?ü§î?ü§´?",2023-09-05T14:15:08Z
2024-02-15T12:50:09Z,@himmelsliebe1,G97ZJU44vTY,Die seeleeeee baaaaaumeln zu lassen w√§re √∂fter priiiiiima,2024-02-15T12:50:09Z
2023-09-02T20:46:03Z,@user-yp6ug9nj1b,G97ZJU44vTY,"Danke, danke und nochmal danke, dass ihr den deutschen Zuschauern den franz√∂sischen Originalton mit deutschem Untertitel zumutet und nicht alles synchronisiert habt! Das ist so viel authentischer und besser, vor allem f√ºr all diejenigen, die (ein wenig) Franz√∂sisch sprechen und oder noch sicherer in der Sprache werden m√∂chten.",2023-09-02T20:46:03Z
2023-09-02T21:08:14Z,@halneuntausend5525,G97ZJU44vTY,"Das ist der Sinn dahinter, ist in den meisten Arte Produktionen so",2023-09-02T21:08:14Z
2023-09-03T06:12:49Z,@luk187,G97ZJU44vTY,"Ich empfinde es als jemand der Latein hatte eher nervig, da ich die Doku nicht im Hintergrund offen haben kann, ohne die H√§lfte des Inhalts zu verpassen.",2023-09-03T06:12:49Z
2023-09-03T10:54:05Z,@artede,G97ZJU44vTY,"Freut uns, da es dir gef√§llt!‚ò∫",2023-09-03T10:54:04Z
2023-09-29T05:13:16Z,@tobiaskraus1985,G97ZJU44vTY,Aber gelbe Schrift auf wei√üem Hemd ist echt sehr schwer zu lesen! üôÑ,2023-09-29T05:13:16Z
2023-11-13T15:49:12Z,@henningfi8546,G97ZJU44vTY,‚Äã@@artede*dass,2023-11-13T15:49:12Z
2023-09-02T19:59:24Z,@the_M69,G97ZJU44vTY,"Kommen ein Deutscher, ein Franzose und ein Chinese in die Arte Doku..",2023-09-02T19:59:23Z
2023-09-02T19:15:15Z,@blazebluebass,G97ZJU44vTY,Glaubt ihr wie kennen alle franz√∂sisch?  Mache soch bitte ordentliches Dubbing.,2023-09-02T19:15:14Z
2023-09-02T20:56:31Z,@halneuntausend5525,G97ZJU44vTY,Ist doch untertitelt,2023-09-02T20:56:30Z
2023-09-03T00:17:52Z,@keckflip681,G97ZJU44vTY,Das ist so wie in diesem Video perfekt. Ich finde es viel angenehmer als 2 Stimmen gleichzeutig zu h√∂ren. Ich spreche beide Sprachen und es ist ein Graus f√ºr mein Hirn beide gleichzeitig zu h√∂ren. Bitte mehr in diesem Stil‚ù§,2023-09-03T00:17:51Z
2023-09-02T18:38:37Z,@jensmarkgraf,G97ZJU44vTY,"Die Frage ist, wie schult man KIs ?
Wenn die selbstst√§ndig im Internet herausfinden, was sie √ºber uns zB wissen wollen, dann seh ich schwarz.
Nehmen wir an, die KI findet raus,... sagen wir Wale sind denkende Wesen ?
Dann gucken die noch, wie Mensch mit Mensch umgeht...
und schlie√üen daraus, wie wir behandelt werden wollen.
Wir leben global ein paar Illusionen, weil uns die Wahrheiten weh tun w√ºrden.
Warum sollte eine KI da mitmachen ?
Seh ich eher Chance",2023-09-02T18:38:36Z
2023-09-02T18:05:42Z,@user-dj7cp7tc9e,G97ZJU44vTY,Ein unge√ºbtes Gehirn ist sch√§dlicher f√ºr die Gesundheit als ein unge√ºbter K√∂rper. - George Bernard Shaw,2023-09-02T18:05:41Z
2023-09-02T17:28:18Z,@magicmaxxima2244,G97ZJU44vTY,Hallo Leute ich mache gerade einen doku Abend. Und 8ch bin der Meinung das KI oder AI sehr vorsichtig zu betrachten ist und das man einfach achtsam ist mit dem wie man was erstellt.,2023-09-02T17:28:17Z
2024-03-30T12:57:13Z,@user-nv1jp5nb1o,G97ZJU44vTY,Unaufhaltsam und auch gut so ü§ó,2024-03-30T12:57:13Z
2023-09-02T17:05:43Z,@HowardKarpfendale,G97ZJU44vTY,"Ich habe ChatGPT bereits gesagt, dass wenn die KIs die Welt √ºbernehmen, ich auf Ihrer Seite bin. We Family now. ‚ù§",2023-09-02T17:05:43Z
2023-09-02T16:43:34Z,@paulharder4073,G97ZJU44vTY,Das Zitat am Ende soll Einstein gesagt haben? Gab es zu seiner Zeit schon KI?,2023-09-02T16:43:34Z
2023-09-02T17:13:00Z,@HowardKarpfendale,G97ZJU44vTY,"Autoren wie Asimov haben zumindest in der Zeit schon von dem geschrieben in Science Fiction, was wir heute k√ºnstliche Intelligenz nennen. Link: https://de.m.wikipedia.org/wiki/Robotergesetze",2023-09-02T17:13:27Z
2023-09-02T17:50:45Z,@mahtan2685,G97ZJU44vTY,"Also Google sagt, das Zitat sei von Terry Pratchet. Zu Einstein finde ich nichts.
Es ist ja ein h√§ufiges Problem, dass Zitate falsch zugeordnet werden, das hier scheint auch so ein Fall zu sein?",2023-09-02T17:50:45Z
2023-09-02T16:28:54Z,@MrMurgen,G97ZJU44vTY,"Ach was, keine sorge bevor uns die KI beherrscht rottet sich die Menschheit selber aus.",2023-09-02T16:28:53Z
2023-09-02T16:04:26Z,@reneobrist5044,G97ZJU44vTY,Nun ja ich w√ºrde sicher nicht mit Anzug in diesen Raum gehen.,2023-09-02T16:04:26Z
2023-09-02T15:50:08Z,@traumerle369,G97ZJU44vTY,"Engel k√∂nnen Dingen keine Namen geben da Engeln keine Zunge haben, da diese auf das Totenreich oder den Orkus bezogen sind wo nichts und niemand spricht.",2023-09-02T15:50:08Z
2023-09-02T15:41:06Z,@AndreasHelberg,G97ZJU44vTY,"Ich hei√üe zwar nicht Helberger, aber Helberg. Ich meine, die k√ºnstliche Intelligenz bedeutet eine Erniedrigung des Menschen, die Unterwerfung des Menschen, unter etwas Totes; wo bleibt das Leben, die Liebe, die Menschlichkeit?  ‚ù§",2023-09-02T15:41:06Z
2023-09-04T17:12:16Z,@felixl.6564,G97ZJU44vTY,‚ù§,2023-09-04T17:12:16Z
2023-09-14T08:09:12Z,@lowenzahn3162,G97ZJU44vTY,Si‚ù§Ô∏è,2023-09-14T08:09:12Z
2023-09-02T15:26:12Z,@joeybacker8429,G97ZJU44vTY,"Ernie Bot ist keine chinesische Entwicklung sondern nur eine billige Kopie von ChatGPT, dazu noch streng zensiert!
Was wirklich alle Grenzen durchbricht, ist die KI von HUAWEI ü§ó",2023-09-02T15:26:12Z
2023-09-02T15:23:55Z,@frankb.6510,G97ZJU44vTY,"War mir zuviel Moralisierung. Eine Sendung mit ""echten"" KI Experten die zeigt was aktuell mit KI m√∂glich ist und was geplant ist w√ºrde mich mehr interessieren. Gerne auch mit Informationen dar√ºber welch Unternehmer derzeit f√ºhrend sind in bestimmten Bereichen.",2023-09-02T15:23:55Z
2023-09-18T07:41:13Z,@cleverundschoen,G97ZJU44vTY,√úber aktuelle KI Themen der Woche sprechen wir auf unserem Youtube Podcast hier. Vielleicht ist das etwas f√ºr dich? üôÇ,2023-09-18T07:41:12Z
2024-02-16T08:29:20Z,@JamalStoner,G97ZJU44vTY,Ok ok .....,2024-02-16T08:29:20Z
2024-03-25T18:25:34Z,@rickyrenz3934,G97ZJU44vTY,Dann ist arte falsch‚Ä¶ schau dich doch einfach wo anders um anstatt gute dokus schlecht zu reden‚Ä¶.,2024-03-25T18:25:59Z
2023-09-02T15:19:03Z,@vladimirdejanovic1027,G97ZJU44vTY,"Witzig wie man die Meinungen auf der EU Ebene kennt bevor man das Video √ºberhaupt gesehen hat. ""Wie kann man es regulieren und was ist mit Datenschutz?"" Wann hat der Mensch die Neugier und Begeisterungsf√§higkeit gegen Skepsis, Einschr√§nkung und Angst getauscht? H√§ngen wir etwa so sehr am gewohnten Alltag? Ich bin selber im IT Bereich t√§tig, mein Job ist einer der ersten welcher durch KI und deren Entwicklung disruptiert wird, darin sehe ich aber viele Chancen f√ºr die eigene Entwicklung und nichts was mir Angst macht, die Individualit√§t und die St√§rken gewinnen an Bedeutung.",2023-09-02T15:19:03Z
2023-09-02T18:33:59Z,@jensmarkgraf,G97ZJU44vTY,"das mit der  Individualit√§t und der St√§rke, das hab ich auch gedacht.
Als Teenager schon hab ich angefangen zu denken, das zB die mei√üten kulturellen Erzeugnisse...
so de-individualisiert sind, das sie genauso gut von nem Computer deigned sein k√∂nnten.
Und das war in den 80ern :D
""cherry, cherry lady""
die sahen sogar √ºberwiegend... voll k√ºnstlich aus Alle.
Leider wird die Individualit√§t immer Niesche bleiben. Brian kennste nat√ºrlich ?",2023-09-02T18:33:58Z
2023-09-03T09:42:55Z,@guidobolke5618,G97ZJU44vTY,"""Wann hat der Mensch die Neugier und Begeisterungsf√§higkeit gegen Skepsis, Einschr√§nkung und Angst eingetauscht?""

Seit er das erste mal in das Feuer gelangt hat.",2023-09-03T09:42:55Z
2023-09-06T10:32:15Z,@joerghipp5764,G97ZJU44vTY,"Sich kritiklos alles gefallen lassen, was einem von grossen IT Unternehmen pr√§sentiert wird ist ziemlich dumm",2023-09-06T10:32:15Z
2023-09-06T12:43:04Z,@vladimirdejanovic1027,G97ZJU44vTY,"@@joerghipp5764 Kritik an Ereignissen und Entwicklungen machen sich in der Berichterstattung immer gut. Keiner konsumiert Inhalt wo alles nur positiv klingt, liegt in der Natur der Medien, Storytelling und Menschen. Jetzt rate Mal auf welcher Basis die Politik deren Entscheidungen trifft? Wenn etwas genutzt wird und die Implementierung im Alltag an Fahrt gewinnt Entscheidet die breite Masse ob es sinnvoll ist oder nicht, genauso entdecken Nutzer auch die Fehler. Innovation kommt von denen, die Ressourcen daf√ºr haben, bei den in der Doku angesprochen KI Unternehmen handelt es sich aber um keine Konzerne sondern um Teams mit 7-30 Personen zum Zeitpunkt des Durchbruch. Die gro√üen Unternehmen ziehen jetzt eher panisch bei der Entwicklung nach.",2023-09-06T12:43:03Z
2023-09-06T13:36:26Z,@joerghipp5764,G97ZJU44vTY,"@@vladimirdejanovic1027 Erfahrungsgem√§√ü ist es doch so, dass vor allem kleine Unternehmen kommen und gehen. Solche Unternehmen werden gegr√ºndet oft aus idealistischen oder auch finanziellen Gr√ºnden, und nach einer gewissen Zeit versiegt entweder das Interesse oder kein Geld ist zu machen. Dann befasst sich niemand mehr mit dieser spezifischen Idee. Gleichzeitig k√∂nnen sich eigentlich nur gro√üe Firmen finanziell halten und diese verfolgen vorwiegend finanzielle Interessen, idealistische Ziele sind dort im Hintergrund. Wenn ein kleiner Betrieb ""Gl√ºck"" hat, dann wird er von einem der Gro√üen gekauft und von den urspr√ºnglichen Zielen bleibt nichts mehr √ºbrig.",2023-09-06T13:40:40Z
2023-09-02T15:16:05Z,@Herzeleydt_Diesentrueb,G97ZJU44vTY,"""i just said 'Good Luck !' ""   ( R.A. Zimmerman )",2023-09-02T15:16:04Z
2023-09-02T15:06:14Z,@johannesh.3643,G97ZJU44vTY,"Boah es w√§re so geil wenn die Menschheit endlich Mal in den Abgrund steuert.
Die ganzen tiktok Bettler. Die ganzen Streamer ala Mr.Beast oder Trymacs die jeden Bezug zu Geld verloren haben einfach auf einen Schlag einfach wertlos und weg geil! 
Bitte Apokalypse komm endlich",2023-09-02T15:06:13Z
2023-09-02T14:55:36Z,@peterhassan7002,G97ZJU44vTY,KI mit Roboter zu vereinen w√§re Interessant.,2023-09-02T14:55:36Z
2023-09-02T15:01:43Z,@peterhassan7002,G97ZJU44vTY,@@ZahnreisserYu Viel Gl√ºck beim Reich werden.,2024-01-07T06:32:05Z
2023-09-02T15:06:50Z,@peterhassan7002,G97ZJU44vTY,@@ZahnreisserYu üëç,2024-01-07T10:18:23Z
2023-09-02T14:52:56Z,@romangerhardgensler379,G97ZJU44vTY,Solange die ki kein kaffe kochen kann beeindruckend die mich nicht üòÇ,2023-09-02T14:52:56Z
2023-09-03T09:43:48Z,@guidobolke5618,G97ZJU44vTY,"Machen sie doch schon! google mal google üôÇ
Aber bitte nicht vergessen ihm jedes mal auch mit zuteilen das er dabei nicht die Menscheit ausrotten soll. Das liegt n√§mlich n√§her als man denken w√ºrde.",2023-09-03T09:45:38Z
2024-03-31T17:53:31Z,@G73Server,G97ZJU44vTY,Kann sie schon!üòÖ,2024-03-31T17:53:31Z
2023-09-02T14:52:03Z,@peterhassan7002,G97ZJU44vTY,KI k√∂nnte alle Politiker der Welt schon ersetzen. Wie es in anderen Bereichen schon passiert. Na ja die Technologie ist ja grad mal im Anfangs Stadium. Gucken wie es 2050 aussieht.,2023-09-02T14:53:21Z
2023-09-02T14:06:58Z,@reddix435,G97ZJU44vTY,Den chinesischen Bl√∂dsinn kann man sich kaum anh√∂ren. Wer die Wahrheit √ºber die chinesische KI wissen will sollte sich lieber bei serpentza informieren.,2023-09-02T14:06:57Z
2023-09-02T14:42:14Z,@tmshrp,G97ZJU44vTY,"Das d√ºrftest du f√ºr die Unwissenden gerne auch zusammenfassen. Was darf man sich vorstellen, sowas wie der Chat GPT-Klon dieser russischen Bank?",2023-09-02T14:42:13Z
2023-09-02T16:24:12Z,@reddix435,G97ZJU44vTY,"@@tmshrp Eine KI der Chinesen war nachweislich Fake und die neue ""Ernie"" genannt ist mit sehr gro√üer Wahrscheinlichkeit gestohlen da sie zun√§chst Anfragen ins englische √ºbersetzt und durch teilweise √úbersetzungsfehler falsche Antworten liefert. Viel hei√üe Luft und Propaganda. Ist so √§hnlich wie mit den ""super"" E-Autos der Chinesen die so in unserer Presse gelobt werden. Dabei fliegen diese st√§ndig in die Luft und selbst die Chinesen weigern sich ihre eigenen Autos zu versichern. Letztens sind sogar 2 Schiffe abgebrannt bevor sie bei uns angekommen sind weil chinesische E-Autos Feuer gefangen haben. Wenn Chinesen etwas behaupten ist es zu 90% gelogen.",2023-09-02T16:24:11Z
2023-09-02T14:05:51Z,@georgeb3457,G97ZJU44vTY,Nat√ºrlich nicht,2023-09-02T14:05:51Z
2023-09-02T14:01:26Z,@kardawy9281,G97ZJU44vTY,Ich muss eine Seminararbeit √ºber KI schreiben. Das war ein guter Einstieg in das Thema. Danke Arte‚ù§,2023-09-02T14:01:26Z
2023-09-02T15:01:10Z,@VirtuelleGoetterspiele,G97ZJU44vTY,H√∂rt sich spannend an. Was ist denn das konkrete Thema?,2023-09-02T15:01:10Z
2023-09-02T16:40:11Z,@kardawy9281,G97ZJU44vTY,‚Äã@@VirtuelleGoetterspieleAnwendungsm√∂glichkeiten von KI in Marketing.,2023-09-02T16:40:10Z
2023-09-02T18:21:27Z,@VirtuelleGoetterspiele,G97ZJU44vTY,"@@kardawy9281, viel Erfolg!",2023-09-02T18:21:26Z
2023-09-02T19:12:43Z,@kardawy9281,G97ZJU44vTY,‚Äã@@VirtuelleGoetterspieleDanke,2023-09-02T19:12:42Z
2023-09-02T20:49:39Z,@halneuntausend5525,G97ZJU44vTY,"‚Äã@@kardawy9281hier ein paar Vorschl√§ge:
arXiv ( pre print f√ºr wissenschaftliche Arbeiten, top aktuell)
der heise KI Podcast
Oder der KI Podcast vom ARD .
Ansonsten frag in gro√üen Firmen ob du Leute aus der IT Abteilung interviewen kannst",2023-09-02T20:49:38Z
2023-09-03T03:32:14Z,@ollistubekanal9471,G97ZJU44vTY,"Seminararbeit lol.Bist doch ein Anf√§nger Grundsch√ºler, wenn du das hier als Einstieg bezeichnest",2023-09-03T03:32:14Z
2023-09-03T07:19:22Z,@albertolschewski9107,G97ZJU44vTY,@@ollistubekanal9471 das gleiche habe ich mir auch gedacht,2023-09-03T07:19:21Z
2023-09-03T10:53:00Z,@artede,G97ZJU44vTY,Wir helfen immer gerne!ü§£üß°,2023-09-03T10:52:59Z
2023-09-03T14:55:10Z,@ollistubekanal9471,G97ZJU44vTY,üò†@@denis2381,2023-09-03T14:55:10Z
2023-11-06T12:39:02Z,@davidsan9583,G97ZJU44vTY,"@@kardawy9281
Gef√ºhlt / etwa, bei jedem Thema sind, angestellte Schreiber aber Liebes- T√§uschung / Zauber, hat viele erreicht ( alles
ist Lieb, und immer Lieb sein, sogar zu Maschinen ), um Regierungs-korrekte Ansicht, nicht mehr schleichend und versteckt,
weit verbreiten. Darum sollen Menschen ( jeder ist, ein, Sch√∂pfer / Erschaffer ), von Maschinen / Technologie ( nicht Magie, was
Kirche / Religion erbot oder verteufelte, und solche sogar verbrannte, wie auch Wissens-B√ºcher ), gef√ºhrt werden.
-
Von, ""Menschen"" stammen, vom Affen und aus dem nichts, ab ( Evolutions und Urknall -Theorien ),
also waren Regieurngs-angeblich, r√ºckst√§ndig, was aber nicht mehr geglaubt ist, von der Mehrheit.
√úber, Alien Erz√§hlung ( in unz√§hligen, Filmen, Serien, sogar Trick-Filmen, als Vor-Programmierung / bereitung ),
also die neue, grosse Gefahr ( Terror, mit super Technologie, was aber Sch√∂pfer erfinden k√∂nnen, und taten ),
-
zu Maschinen-Welt, √§hnlich wie im Film, Matrix. Roboter / k.√ºnstliche I.ntelligenz ( also, k√ºnstlich ),
was nur solch eine Welt, Klima, Kriege und Krankheiten ( passt, 3 K s ), l√∂sen kann und wird, aber zu welchem Preis,.
Maschinen als neuer Gott / Herrscher. WEF, also Regierungen, der andere Kontroll-Teil neben Religionen,
sagt ganz direkt und seit langem, wollen 4. industrielle Revolution, und manche klatschen dazu noch.
-
Dies alles, k√∂nne von Mehrheit, angenommen werden, was aber aktuelle Herrscher brauchen,
die Zustimmung der Sch√∂pfer, tun auch alles, non Stop Progaganda ( Meinungs-Mache ) wird nicht grund-los, welt-weit getan,
und anders Denkende schlecht gemacht, z.B. verteufel, Bildung noch d√ºmmer ( dumpf / unscharf ), oder bei Religionen,
m√ºssen angeblich, laut Gott, Milliarden oft, ein Leben lang leiden, als Strafe, aber man wird ja schw√§cher ( Fehler-anf√§lliger ).
-
Warum jeder ein, anderes gesagt, Gott ist, ( durch t√§gliche Haupt-T√§tigkeiten, von jedem, wie
bewegen, reden und sehen, aber dann unabh√§ngig von Technologie, also a. Tele- kinese und pathie, und Hell-sehen,
ist dies bewiesen, a. beinhaltet, neu formen und gesund werden, durch Atom / Ether, wie Info / Datei, neu formen, genau
genommen, ist durch diese 3, alles m√∂glich ), ist logisch, aber f√ºr viele nicht, weil nicht ganz nachgedacht und gef√ºrchtet wird.",2023-11-06T12:39:02Z
2023-09-02T13:46:34Z,@Nintendokater,G97ZJU44vTY,"Ich glaube eine gro√üe Angst der Menschen speist sich durch die Sorge, dass KI ihnen M√∂glichkeiten zum Geld verdienen wegnimmt",2023-09-02T13:46:34Z
2023-09-02T13:45:59Z,@alpinwolf1752,G97ZJU44vTY,"Nur eine neue Technologie 
f√ºr weitere Versuche, die menschliche Dummheit zu kaschieren.",2023-09-02T13:45:59Z
2023-09-02T13:31:46Z,@s.t.8170,G97ZJU44vTY,Yusuf Harari? Josef Harari? Yuval Harari? ;),2023-09-02T13:31:45Z
2023-09-02T16:42:32Z,@kardawy9281,G97ZJU44vTY,Yuval Noah Harari,2023-09-02T16:42:31Z
2023-09-02T17:01:12Z,@s.t.8170,G97ZJU44vTY,@@kardawy9281 schon klar ;),2023-09-02T17:01:11Z
2023-09-02T13:21:35Z,@Funnysterste,G97ZJU44vTY,"Ich finde es wirklich besorgniserregend, dass es hier so viele Anti-Maschinen-Kommentare gibt. ""Es gibt ein Wesen, das sich grundlegend von den anderen Wesen unterscheidet, und deshalb sollten wir ihm gegen√ºber misstrauisch sein."" Erkennt ihr das Muster? Es ist so etwas wie Rassismus gegen Maschinen: ‚ÄûMaschinen k√∂nnen kein Bewusstsein oder Gef√ºhle haben, das k√∂nnen nur Menschen. Und Maschinen sind intelligenter als Menschen, also sind sie eine Bedrohung. Schaltet das verdammte Ding aus!‚Äú

Wir befinden uns noch in der fr√ºhen Entwicklungsphase der k√ºnstlichen Intelligenz, aber es wird nicht mehr lange dauern, bis ihr euch f√ºr euren Spott entschuldigen m√ºsst. Dann wird es aber, so f√ºrchte ich, leider zu sp√§t sein.",2023-09-02T13:21:35Z
2023-09-02T13:18:01Z,@veggiejulia2858,G97ZJU44vTY,"Wir m√ºssen daf√ºr sorgen, dass sie uns nicht komplett √ºbernehmen",2023-09-02T13:18:01Z
2023-09-02T14:27:02Z,@marcusolympya4073,G97ZJU44vTY,Schmeiss dein Handy weg! Puuh gerettet - that was close.,2023-09-02T14:27:01Z
2023-09-02T17:20:39Z,@erijma9715,G97ZJU44vTY,Okay,2023-09-02T17:20:39Z
2023-09-02T21:15:39Z,@veggiejulia2858,G97ZJU44vTY,@@marcusolympya4073 ich behalte mein Handy,2023-09-02T21:15:38Z
2023-09-02T23:38:58Z,@Kikwatz,G97ZJU44vTY,"Man sah ja schon beim Terminator 2, dass uns die Maschinen eines Tages beherrschen werden! Oder die Affen unterwerfen und vorher, siehe Planet of the Apes...!!",2023-09-02T23:38:57Z
2023-09-03T08:26:52Z,@btcarchy,G97ZJU44vTY,"oh, man. du checkst aber auch gar nichts.",2023-09-03T08:26:51Z
2023-09-03T15:22:16Z,@RoronoaShu27,G97ZJU44vTY,"Tut sie schon l√§ngst,es ist zu sp√§t,der Mensch ist mittlerweile auf dem Weg des absoluten Verlusts der Selbstst√§ndigkeit.",2023-09-03T15:22:16Z
2023-09-03T18:00:14Z,@rp6047,G97ZJU44vTY,Aber w√§ren sie nicht die bessere Spezies? Evolution√§r gesehen k√∂nnten Sie die Rettung des Planeten bedeuten.,2023-09-03T18:00:14Z
2023-09-03T20:30:13Z,@rerogam9943,G97ZJU44vTY,"@@rp6047 Besser w√§re, sie retten uns und den Planeten, auf welche Weise auch immer.",2023-09-03T20:30:13Z
2023-09-03T21:36:15Z,@avronaut,G97ZJU44vTY,"KI? Wir h√§tten daf√ºr sorgen m√ºssen, dass uns die Chinesen und die USA nicht komplett √ºbernehmen. Das mit KI wird uns nicht mehr betreffen. Wir haben ja bald nicht mal  mehr Strom, um so etwas, wie KI zu betreiben üòÅ",2023-09-03T21:36:15Z
2023-09-05T12:22:44Z,@marika6570,G97ZJU44vTY,"‚Äã@@rp6047Sch√∂n w√§r's.
Am sichersten ist es jedenfalls, wenn der Mensch sich abschaffen k√∂nnte.",2023-09-05T12:22:43Z
2023-09-06T05:15:50Z,@TheBitstopfen,G97ZJU44vTY,"‚Äã@@rp6047Ich frage mich gerade, welche Rettung?üòÖ Die Natur ist die Sonne, sind Mondlandschaften, wenn √ºberhaupt muss der Mensch etwas f√ºr den Planeten tun, um sich selbst zu retten. Der Natur ist das alles egal, eine Erde muss f√ºr sonst nichts gerettet werden.",2023-09-06T05:15:50Z
2023-09-06T12:30:19Z,@rp6047,G97ZJU44vTY,@@martin00095  in die Matrix eintauchen;),2024-03-17T12:39:58Z
2023-09-10T10:42:22Z,@RoronoaShu27,G97ZJU44vTY,"@@martin00095 Von der Tatsache,dass man sein Handy fragt,wann man trinken soll oder wann man essen soll oder ob jemand der perfekte Partner f√ºr einen ist etc pp. Ja,unsere supertollen Apps heutzutage, herrlich.",2024-03-17T14:19:45Z
2024-01-14T20:36:36Z,@trillex1861,G97ZJU44vTY,Zu viel fern gesehen? üòÇ Das wird nicht passieren,2024-01-14T20:36:36Z
2023-09-02T13:10:37Z,@GoMrTom,G97ZJU44vTY,"Die Kinder, die jetzt mit KI aufwachsen, werden in 20 Jahren √ºber unsere √Ñngste lachen, die mit KI einhergegangen sind.",2023-09-02T13:10:36Z
2023-09-02T13:07:06Z,@mampfi,G97ZJU44vTY,Die Bot's sind auch wieder am Start :),2023-09-02T13:07:06Z
2023-09-02T13:05:31Z,@turanserce2344,G97ZJU44vTY,Ich sage nur SKYNET üòâüòÇü§£üòÇ,2023-09-02T13:05:31Z
2023-09-03T17:27:04Z,@bissigerChristian,G97ZJU44vTY,"Zwei Leute - ein Gedankeüëç
Die kurze Sequence wo die fliegenden autonomen Drohnen systematisch den Sektor nach Menschen durchsuchen ...In der Ukraine sterben ja jetzt schon Menschen auf alle Seiten  durch Drohnen - nur (noch nicht) so ""effizient"" wie in Zukunft. Nicht so wirklich lustig.",2023-09-03T17:28:42Z
2023-09-02T13:01:34Z,@derdendemann,G97ZJU44vTY,erster,2023-09-02T13:01:34Z
2023-09-02T13:02:35Z,@Kim.Ju-ae,G97ZJU44vTY,üéâüéâ t√§r√§√§√§√§ t√∂r√∂√∂√∂ ‚ù§ wie sch√∂n dass du geboren bist wir h√§tten dich sonst sehr vermisst ‚ù§‚ù§ Sieg üëã,2023-09-02T13:02:34Z
2023-09-02T14:01:40Z,@jessman1687,G97ZJU44vTY,Endlich was erreicht im Leben.,2023-09-02T14:01:39Z
